{"cameraMode":{"drawMode":0,"name":"Shaded","section":"Shading Mode"},"sceneLighting":true,"audioPlay":false,"sceneViewState":{"m_AlwaysRefresh":false,"showFog":true,"showSkybox":true,"showFlares":true,"showImageEffects":true,"showParticleSystems":true,"showVisualEffectGraphs":true,"m_FxEnabled":true},"in2DMode":false,"pivot":{"x":-96.20051574707031,"y":-10.004916191101075,"z":-52.26348876953125},"rotation":{"x":0.34595367312431338,"y":0.04696199297904968,"z":-0.017357738688588144,"w":0.9369202256202698},"size":7.318636894226074,"orthographic":false}